lang,text,requested_font_size,actual_font_size,source_path,recon_path,mse,ssim
english,AI PIZZA,96,96,/mnt/local-fast/aalhejab/Qwen-Image-Edit-2511-production/outputs/qwen_text_failure_study/synthetic_controls/english_font96_source.png,/mnt/local-fast/aalhejab/Qwen-Image-Edit-2511-production/outputs/qwen_text_failure_study/vae_recon/english_font96_recon.png,3.0596893338952214e-05,0.998263421543936
english,AI PIZZA,48,48,/mnt/local-fast/aalhejab/Qwen-Image-Edit-2511-production/outputs/qwen_text_failure_study/synthetic_controls/english_font48_source.png,/mnt/local-fast/aalhejab/Qwen-Image-Edit-2511-production/outputs/qwen_text_failure_study/vae_recon/english_font48_recon.png,2.9303031624294817e-05,0.9981857410723345
english,AI PIZZA,24,24,/mnt/local-fast/aalhejab/Qwen-Image-Edit-2511-production/outputs/qwen_text_failure_study/synthetic_controls/english_font24_source.png,/mnt/local-fast/aalhejab/Qwen-Image-Edit-2511-production/outputs/qwen_text_failure_study/vae_recon/english_font24_recon.png,2.67457671725424e-05,0.9977048436692
arabic,بيتزا الذكاء الاصطناعي,96,43,/mnt/local-fast/aalhejab/Qwen-Image-Edit-2511-production/outputs/qwen_text_failure_study/synthetic_controls/arabic_font96_source.png,/mnt/local-fast/aalhejab/Qwen-Image-Edit-2511-production/outputs/qwen_text_failure_study/vae_recon/arabic_font96_recon.png,3.661141454358585e-05,0.9983951163616173
arabic,بيتزا الذكاء الاصطناعي,48,43,/mnt/local-fast/aalhejab/Qwen-Image-Edit-2511-production/outputs/qwen_text_failure_study/synthetic_controls/arabic_font48_source.png,/mnt/local-fast/aalhejab/Qwen-Image-Edit-2511-production/outputs/qwen_text_failure_study/vae_recon/arabic_font48_recon.png,3.661141454358585e-05,0.9983951163616173
arabic,بيتزا الذكاء الاصطناعي,24,24,/mnt/local-fast/aalhejab/Qwen-Image-Edit-2511-production/outputs/qwen_text_failure_study/synthetic_controls/arabic_font24_source.png,/mnt/local-fast/aalhejab/Qwen-Image-Edit-2511-production/outputs/qwen_text_failure_study/vae_recon/arabic_font24_recon.png,3.7625617551384494e-05,0.9986351788633886
chinese,人工智能披萨,96,69,/mnt/local-fast/aalhejab/Qwen-Image-Edit-2511-production/outputs/qwen_text_failure_study/synthetic_controls/chinese_font96_source.png,/mnt/local-fast/aalhejab/Qwen-Image-Edit-2511-production/outputs/qwen_text_failure_study/vae_recon/chinese_font96_recon.png,4.783298209076747e-05,0.9984072803872254
chinese,人工智能披萨,48,48,/mnt/local-fast/aalhejab/Qwen-Image-Edit-2511-production/outputs/qwen_text_failure_study/synthetic_controls/chinese_font48_source.png,/mnt/local-fast/aalhejab/Qwen-Image-Edit-2511-production/outputs/qwen_text_failure_study/vae_recon/chinese_font48_recon.png,4.8691796109778807e-05,0.9984162772282783
chinese,人工智能披萨,24,24,/mnt/local-fast/aalhejab/Qwen-Image-Edit-2511-production/outputs/qwen_text_failure_study/synthetic_controls/chinese_font24_source.png,/mnt/local-fast/aalhejab/Qwen-Image-Edit-2511-production/outputs/qwen_text_failure_study/vae_recon/chinese_font24_recon.png,4.538764551398344e-05,0.9978567474581511
