seed,elapsed_seconds,timings,job_id,original_prompt,enhanced_prompt,prompt_enhancer,experiment,title,lang,target_text,width,height,steps,true_cfg_scale,wall_seconds,output_path,prompt,image_inputs,image_roles,notes,skipped_existing
93101,10.491127443965524,"{'total_seconds': 10.495528811123222, 'non_inference_seconds': 0.004401367157697678, 'get_pipe_seconds': 6.901100277900696e-07, 'lock_wait_seconds': 0.0, 'queue_seconds': 3.886222839355469e-05, 'prompt_enhance_seconds': 0.0, 'decode_seconds': 0.0, 'preprocess_seconds': 0.0, 'inference_seconds': 10.491127443965524, 'postprocess_seconds': 0.00013629207387566566, 'encode_seconds': 0.004246464930474758}",seed_93101_english,"Create a plain white square poster with only the exact text ""AI PIZZA"" centered in very large black clean sans-serif letters. No other text, no logo, no watermark, no decoration.",,,exp_02_seed_sweep,English seed 93101,english,AI PIZZA,768,768,40,4.0,10.498122085351497,/mnt/local-fast/aalhejab/Qwen-Image-Edit-2511-production/outputs/qwen_text_failure_next_experiments/exp_02_seed_sweep/seed_93101_english.jpg,"Create a plain white square poster with only the exact text ""AI PIZZA"" centered in very large black clean sans-serif letters. No other text, no logo, no watermark, no decoration.",[],[],Tests whether success/failure is stable or seed-dependent.,True
93102,10.503930702805519,"{'total_seconds': 10.507489948999137, 'non_inference_seconds': 0.0035592461936175823, 'get_pipe_seconds': 6.300397217273712e-07, 'lock_wait_seconds': 0.0, 'queue_seconds': 3.1948089599609375e-05, 'prompt_enhance_seconds': 0.0, 'decode_seconds': 0.0, 'preprocess_seconds': 0.0, 'inference_seconds': 10.503930702805519, 'postprocess_seconds': 0.00014091189950704575, 'encode_seconds': 0.0034040738828480244}",seed_93102_english,"Create a plain white square poster with only the exact text ""AI PIZZA"" centered in very large black clean sans-serif letters. No other text, no logo, no watermark, no decoration.",,,exp_02_seed_sweep,English seed 93102,english,AI PIZZA,768,768,40,4.0,10.509898761287332,/mnt/local-fast/aalhejab/Qwen-Image-Edit-2511-production/outputs/qwen_text_failure_next_experiments/exp_02_seed_sweep/seed_93102_english.jpg,"Create a plain white square poster with only the exact text ""AI PIZZA"" centered in very large black clean sans-serif letters. No other text, no logo, no watermark, no decoration.",[],[],Tests whether success/failure is stable or seed-dependent.,True
93103,10.54993953788653,"{'total_seconds': 10.553891989868134, 'non_inference_seconds': 0.003952451981604099, 'get_pipe_seconds': 4.200264811515808e-07, 'lock_wait_seconds': 0.0, 'queue_seconds': 4.1961669921875e-05, 'prompt_enhance_seconds': 0.0, 'decode_seconds': 0.0, 'preprocess_seconds': 0.0, 'inference_seconds': 10.54993953788653, 'postprocess_seconds': 0.00014851195737719536, 'encode_seconds': 0.003788019996136427}",seed_93103_english,"Create a plain white square poster with only the exact text ""AI PIZZA"" centered in very large black clean sans-serif letters. No other text, no logo, no watermark, no decoration.",,,exp_02_seed_sweep,English seed 93103,english,AI PIZZA,768,768,40,4.0,10.556673167273402,/mnt/local-fast/aalhejab/Qwen-Image-Edit-2511-production/outputs/qwen_text_failure_next_experiments/exp_02_seed_sweep/seed_93103_english.jpg,"Create a plain white square poster with only the exact text ""AI PIZZA"" centered in very large black clean sans-serif letters. No other text, no logo, no watermark, no decoration.",[],[],Tests whether success/failure is stable or seed-dependent.,True
93101,10.526122698094696,"{'total_seconds': 10.529932328034192, 'non_inference_seconds': 0.003809629939496517, 'get_pipe_seconds': 3.5995617508888245e-07, 'lock_wait_seconds': 0.0, 'queue_seconds': 2.8133392333984375e-05, 'prompt_enhance_seconds': 0.0, 'decode_seconds': 0.0, 'preprocess_seconds': 0.0, 'inference_seconds': 10.526122698094696, 'postprocess_seconds': 0.00014018220826983452, 'encode_seconds': 0.003654708154499531}",seed_93101_arabic,"Create a plain white square poster with only the exact text ""بيتزا الذكاء الاصطناعي"" centered in very large black clean sans-serif letters. No other text, no logo, no watermark, no decoration.",,,exp_02_seed_sweep,Arabic seed 93101,arabic,بيتزا الذكاء الاصطناعي,768,768,40,4.0,10.533106780145317,/mnt/local-fast/aalhejab/Qwen-Image-Edit-2511-production/outputs/qwen_text_failure_next_experiments/exp_02_seed_sweep/seed_93101_arabic.jpg,"Create a plain white square poster with only the exact text ""بيتزا الذكاء الاصطناعي"" centered in very large black clean sans-serif letters. No other text, no logo, no watermark, no decoration.",[],[],Tests whether success/failure is stable or seed-dependent.,True
93102,10.520861245226115,"{'total_seconds': 10.524896988179535, 'non_inference_seconds': 0.004035742953419685, 'get_pipe_seconds': 5.401670932769775e-07, 'lock_wait_seconds': 0.0, 'queue_seconds': 2.9087066650390625e-05, 'prompt_enhance_seconds': 0.0, 'decode_seconds': 0.0, 'preprocess_seconds': 0.0, 'inference_seconds': 10.520861245226115, 'postprocess_seconds': 0.00014329096302390099, 'encode_seconds': 0.003876021131873131}",seed_93102_arabic,"Create a plain white square poster with only the exact text ""بيتزا الذكاء الاصطناعي"" centered in very large black clean sans-serif letters. No other text, no logo, no watermark, no decoration.",,,exp_02_seed_sweep,Arabic seed 93102,arabic,بيتزا الذكاء الاصطناعي,768,768,40,4.0,10.528088099788874,/mnt/local-fast/aalhejab/Qwen-Image-Edit-2511-production/outputs/qwen_text_failure_next_experiments/exp_02_seed_sweep/seed_93102_arabic.jpg,"Create a plain white square poster with only the exact text ""بيتزا الذكاء الاصطناعي"" centered in very large black clean sans-serif letters. No other text, no logo, no watermark, no decoration.",[],[],Tests whether success/failure is stable or seed-dependent.,True
93103,10.529015857260674,"{'total_seconds': 10.533183512277901, 'non_inference_seconds': 0.004167655017226934, 'get_pipe_seconds': 5.30388206243515e-07, 'lock_wait_seconds': 0.0, 'queue_seconds': 3.2901763916015625e-05, 'prompt_enhance_seconds': 0.0, 'decode_seconds': 0.0, 'preprocess_seconds': 0.0, 'inference_seconds': 10.529015857260674, 'postprocess_seconds': 0.00014034193009138107, 'encode_seconds': 0.004009682219475508}",seed_93103_arabic,"Create a plain white square poster with only the exact text ""بيتزا الذكاء الاصطناعي"" centered in very large black clean sans-serif letters. No other text, no logo, no watermark, no decoration.",,,exp_02_seed_sweep,Arabic seed 93103,arabic,بيتزا الذكاء الاصطناعي,768,768,40,4.0,10.536489514168352,/mnt/local-fast/aalhejab/Qwen-Image-Edit-2511-production/outputs/qwen_text_failure_next_experiments/exp_02_seed_sweep/seed_93103_arabic.jpg,"Create a plain white square poster with only the exact text ""بيتزا الذكاء الاصطناعي"" centered in very large black clean sans-serif letters. No other text, no logo, no watermark, no decoration.",[],[],Tests whether success/failure is stable or seed-dependent.,True
93101,10.509899721015245,"{'total_seconds': 10.513626129832119, 'non_inference_seconds': 0.0037264088168740273, 'get_pipe_seconds': 4.600733518600464e-07, 'lock_wait_seconds': 0.0, 'queue_seconds': 3.314018249511719e-05, 'prompt_enhance_seconds': 0.0, 'decode_seconds': 0.0, 'preprocess_seconds': 0.0, 'inference_seconds': 10.509899721015245, 'postprocess_seconds': 0.0001483219675719738, 'encode_seconds': 0.003562686964869499}",seed_93101_chinese,"Create a plain white square poster with only the exact text ""人工智能披萨"" centered in very large black clean sans-serif letters. No other text, no logo, no watermark, no decoration.",,,exp_02_seed_sweep,Chinese seed 93101,chinese,人工智能披萨,768,768,40,4.0,10.516588639002293,/mnt/local-fast/aalhejab/Qwen-Image-Edit-2511-production/outputs/qwen_text_failure_next_experiments/exp_02_seed_sweep/seed_93101_chinese.jpg,"Create a plain white square poster with only the exact text ""人工智能披萨"" centered in very large black clean sans-serif letters. No other text, no logo, no watermark, no decoration.",[],[],Tests whether success/failure is stable or seed-dependent.,True
93102,10.48580688610673,"{'total_seconds': 10.489380433224142, 'non_inference_seconds': 0.0035735471174120903, 'get_pipe_seconds': 8.288770914077759e-07, 'lock_wait_seconds': 0.0, 'queue_seconds': 4.9114227294921875e-05, 'prompt_enhance_seconds': 0.0, 'decode_seconds': 0.0, 'preprocess_seconds': 0.0, 'inference_seconds': 10.48580688610673, 'postprocess_seconds': 0.00013873213902115822, 'encode_seconds': 0.0034164851531386375}",seed_93102_chinese,"Create a plain white square poster with only the exact text ""人工智能披萨"" centered in very large black clean sans-serif letters. No other text, no logo, no watermark, no decoration.",,,exp_02_seed_sweep,Chinese seed 93102,chinese,人工智能披萨,768,768,40,4.0,10.492290610913187,/mnt/local-fast/aalhejab/Qwen-Image-Edit-2511-production/outputs/qwen_text_failure_next_experiments/exp_02_seed_sweep/seed_93102_chinese.jpg,"Create a plain white square poster with only the exact text ""人工智能披萨"" centered in very large black clean sans-serif letters. No other text, no logo, no watermark, no decoration.",[],[],Tests whether success/failure is stable or seed-dependent.,True
93103,10.484752660151571,"{'total_seconds': 10.488808663096279, 'non_inference_seconds': 0.0040560029447078705, 'get_pipe_seconds': 6.798654794692993e-07, 'lock_wait_seconds': 0.0, 'queue_seconds': 4.506111145019531e-05, 'prompt_enhance_seconds': 0.0, 'decode_seconds': 0.0, 'preprocess_seconds': 0.0, 'inference_seconds': 10.484752660151571, 'postprocess_seconds': 0.00014576176181435585, 'encode_seconds': 0.0038937521167099476}",seed_93103_chinese,"Create a plain white square poster with only the exact text ""人工智能披萨"" centered in very large black clean sans-serif letters. No other text, no logo, no watermark, no decoration.",,,exp_02_seed_sweep,Chinese seed 93103,chinese,人工智能披萨,768,768,40,4.0,10.491889112628996,/mnt/local-fast/aalhejab/Qwen-Image-Edit-2511-production/outputs/qwen_text_failure_next_experiments/exp_02_seed_sweep/seed_93103_chinese.jpg,"Create a plain white square poster with only the exact text ""人工智能披萨"" centered in very large black clean sans-serif letters. No other text, no logo, no watermark, no decoration.",[],[],Tests whether success/failure is stable or seed-dependent.,True
