seed,elapsed_seconds,timings,job_id,original_prompt,enhanced_prompt,prompt_enhancer,experiment,title,lang,target_word_count,target_text,width,height,steps,true_cfg_scale,max_sequence_length,wall_seconds,output_path,prompt,skipped_existing
97010,26.75957222795114,"{'total_seconds': 26.766676092054695, 'non_inference_seconds': 0.007103864103555679, 'get_pipe_seconds': 1.3601966202259064e-06, 'lock_wait_seconds': 0.0, 'queue_seconds': 9.202957153320312e-05, 'prompt_enhance_seconds': 0.0, 'decode_seconds': 0.0, 'preprocess_seconds': 0.0, 'inference_seconds': 26.75957222795114, 'postprocess_seconds': 0.0003198152408003807, 'encode_seconds': 0.006757778115570545}",english_10_words,"Create a clean portrait white document poster that typesets exactly this 10-word English text block. Use black sans-serif typography, clean margins, and simple line wrapping. Do not summarize, do not add decorative letters, and do not add any extra words. Exact English text block: ""clarity design research quality layout typography poster signal detail balance""",,,exp_06_long_text_stress,English 10 words,english,10,clarity design research quality layout typography poster signal detail balance,1024,1536,40,4.0,1024,26.778217622078955,/mnt/local-fast/aalhejab/Qwen-Image-Edit-2511-production/outputs/qwen_text_failure_next_experiments/exp_06_long_text_stress/english_10_words.jpg,"Create a clean portrait white document poster that typesets exactly this 10-word English text block. Use black sans-serif typography, clean margins, and simple line wrapping. Do not summarize, do not add decorative letters, and do not add any extra words. Exact English text block: ""clarity design research quality layout typography poster signal detail balance""",True
98010,26.84581507416442,"{'total_seconds': 26.855268189683557, 'non_inference_seconds': 0.00945311551913619, 'get_pipe_seconds': 8.400529623031616e-07, 'lock_wait_seconds': 0.0, 'queue_seconds': 5.507469177246094e-05, 'prompt_enhance_seconds': 0.0, 'decode_seconds': 0.0, 'preprocess_seconds': 0.0, 'inference_seconds': 26.84581507416442, 'postprocess_seconds': 0.00025967415422201157, 'encode_seconds': 0.00917149055749178}",arabic_10_words,"Create a clean portrait white document poster that typesets exactly this 10-word Arabic text block. Use black Arabic sans-serif typography, correct right-to-left shaping, clean margins, and simple line wrapping. Do not translate, do not summarize, do not add decorative letters, and do not add any extra words. Exact Arabic text block: ""تصميم واضح بحث جودة تخطيط طباعة ملصق إشارة تفاصيل توازن""",,,exp_06_long_text_stress,Arabic 10 words,arabic,10,تصميم واضح بحث جودة تخطيط طباعة ملصق إشارة تفاصيل توازن,1024,1536,40,4.0,1024,26.88403573120013,/mnt/local-fast/aalhejab/Qwen-Image-Edit-2511-production/outputs/qwen_text_failure_next_experiments/exp_06_long_text_stress/arabic_10_words.jpg,"Create a clean portrait white document poster that typesets exactly this 10-word Arabic text block. Use black Arabic sans-serif typography, correct right-to-left shaping, clean margins, and simple line wrapping. Do not translate, do not summarize, do not add decorative letters, and do not add any extra words. Exact Arabic text block: ""تصميم واضح بحث جودة تخطيط طباعة ملصق إشارة تفاصيل توازن""",True
99010,26.971255333162844,"{'total_seconds': 26.97881576186046, 'non_inference_seconds': 0.007560428697615862, 'get_pipe_seconds': 8.097849786281586e-07, 'lock_wait_seconds': 0.0, 'queue_seconds': 8.416175842285156e-05, 'prompt_enhance_seconds': 0.0, 'decode_seconds': 0.0, 'preprocess_seconds': 0.0, 'inference_seconds': 26.971255333162844, 'postprocess_seconds': 0.0003464138135313988, 'encode_seconds': 0.007193964906036854}",chinese_10_words,"Create a clean portrait white document poster that typesets exactly this 10-word Chinese text block. Use black Chinese sans-serif typography, clean margins, and simple line wrapping. Do not translate, do not summarize, do not add decorative letters, and do not add any extra words. Exact Chinese text block: ""清晰 设计 研究 质量 版式 字体 海报 信号 细节 平衡""",,,exp_06_long_text_stress,Chinese 10 words,chinese,10,清晰 设计 研究 质量 版式 字体 海报 信号 细节 平衡,1024,1536,40,4.0,1024,26.992001866921782,/mnt/local-fast/aalhejab/Qwen-Image-Edit-2511-production/outputs/qwen_text_failure_next_experiments/exp_06_long_text_stress/chinese_10_words.jpg,"Create a clean portrait white document poster that typesets exactly this 10-word Chinese text block. Use black Chinese sans-serif typography, clean margins, and simple line wrapping. Do not translate, do not summarize, do not add decorative letters, and do not add any extra words. Exact Chinese text block: ""清晰 设计 研究 质量 版式 字体 海报 信号 细节 平衡""",True
97020,27.01476948009804,"{'total_seconds': 27.022058056201786, 'non_inference_seconds': 0.007288576103746891, 'get_pipe_seconds': 8.800998330116272e-07, 'lock_wait_seconds': 0.0, 'queue_seconds': 4.792213439941406e-05, 'prompt_enhance_seconds': 0.0, 'decode_seconds': 0.0, 'preprocess_seconds': 0.0, 'inference_seconds': 27.01476948009804, 'postprocess_seconds': 0.000375144649296999, 'encode_seconds': 0.0068947006948292255}",english_20_words,"Create a clean portrait white document poster that typesets exactly this 20-word English text block. Use black sans-serif typography, clean margins, and simple line wrapping. Do not summarize, do not add decorative letters, and do not add any extra words. Exact English text block: ""clarity design research quality layout typography poster signal detail balance contrast margin section headline caption reader focus system image language""",,,exp_06_long_text_stress,English 20 words,english,20,clarity design research quality layout typography poster signal detail balance contrast margin section headline caption reader focus system image language,1024,1536,40,4.0,1024,27.025019985157996,/mnt/local-fast/aalhejab/Qwen-Image-Edit-2511-production/outputs/qwen_text_failure_next_experiments/exp_06_long_text_stress/english_20_words.jpg,"Create a clean portrait white document poster that typesets exactly this 20-word English text block. Use black sans-serif typography, clean margins, and simple line wrapping. Do not summarize, do not add decorative letters, and do not add any extra words. Exact English text block: ""clarity design research quality layout typography poster signal detail balance contrast margin section headline caption reader focus system image language""",True
98020,27.177487708162516,"{'total_seconds': 27.1909403456375, 'non_inference_seconds': 0.01345263747498393, 'get_pipe_seconds': 5.401670932769775e-07, 'lock_wait_seconds': 0.0, 'queue_seconds': 3.218650817871094e-05, 'prompt_enhance_seconds': 0.0, 'decode_seconds': 0.0, 'preprocess_seconds': 0.0, 'inference_seconds': 27.177487708162516, 'postprocess_seconds': 0.0003578048199415207, 'encode_seconds': 0.013077563606202602}",arabic_20_words,"Create a clean portrait white document poster that typesets exactly this 20-word Arabic text block. Use black Arabic sans-serif typography, correct right-to-left shaping, clean margins, and simple line wrapping. Do not translate, do not summarize, do not add decorative letters, and do not add any extra words. Exact Arabic text block: ""تصميم واضح بحث جودة تخطيط طباعة ملصق إشارة تفاصيل توازن تباين هامش قسم عنوان شرح قارئ تركيز نظام صورة لغة""",,,exp_06_long_text_stress,Arabic 20 words,arabic,20,تصميم واضح بحث جودة تخطيط طباعة ملصق إشارة تفاصيل توازن تباين هامش قسم عنوان شرح قارئ تركيز نظام صورة لغة,1024,1536,40,4.0,1024,27.196548270061612,/mnt/local-fast/aalhejab/Qwen-Image-Edit-2511-production/outputs/qwen_text_failure_next_experiments/exp_06_long_text_stress/arabic_20_words.jpg,"Create a clean portrait white document poster that typesets exactly this 20-word Arabic text block. Use black Arabic sans-serif typography, correct right-to-left shaping, clean margins, and simple line wrapping. Do not translate, do not summarize, do not add decorative letters, and do not add any extra words. Exact Arabic text block: ""تصميم واضح بحث جودة تخطيط طباعة ملصق إشارة تفاصيل توازن تباين هامش قسم عنوان شرح قارئ تركيز نظام صورة لغة""",True
99020,27.110668258275837,"{'total_seconds': 27.12005339190364, 'non_inference_seconds': 0.009385133627802134, 'get_pipe_seconds': 6.19795173406601e-07, 'lock_wait_seconds': 0.0, 'queue_seconds': 4.100799560546875e-05, 'prompt_enhance_seconds': 0.0, 'decode_seconds': 0.0, 'preprocess_seconds': 0.0, 'inference_seconds': 27.110668258275837, 'postprocess_seconds': 0.00033361418172717094, 'encode_seconds': 0.009033719077706337}",chinese_20_words,"Create a clean portrait white document poster that typesets exactly this 20-word Chinese text block. Use black Chinese sans-serif typography, clean margins, and simple line wrapping. Do not translate, do not summarize, do not add decorative letters, and do not add any extra words. Exact Chinese text block: ""清晰 设计 研究 质量 版式 字体 海报 信号 细节 平衡 对比 边距 章节 标题 说明 读者 焦点 系统 图像 语言""",,,exp_06_long_text_stress,Chinese 20 words,chinese,20,清晰 设计 研究 质量 版式 字体 海报 信号 细节 平衡 对比 边距 章节 标题 说明 读者 焦点 系统 图像 语言,1024,1536,40,4.0,1024,27.125004986766726,/mnt/local-fast/aalhejab/Qwen-Image-Edit-2511-production/outputs/qwen_text_failure_next_experiments/exp_06_long_text_stress/chinese_20_words.jpg,"Create a clean portrait white document poster that typesets exactly this 20-word Chinese text block. Use black Chinese sans-serif typography, clean margins, and simple line wrapping. Do not translate, do not summarize, do not add decorative letters, and do not add any extra words. Exact Chinese text block: ""清晰 设计 研究 质量 版式 字体 海报 信号 细节 平衡 对比 边距 章节 标题 说明 读者 焦点 系统 图像 语言""",True
97050,27.11941422894597,"{'total_seconds': 27.130392932798713, 'non_inference_seconds': 0.01097870385274291, 'get_pipe_seconds': 9.499490261077881e-07, 'lock_wait_seconds': 0.0, 'queue_seconds': 4.100799560546875e-05, 'prompt_enhance_seconds': 0.0, 'decode_seconds': 0.0, 'preprocess_seconds': 0.0, 'inference_seconds': 27.11941422894597, 'postprocess_seconds': 0.00033341534435749054, 'encode_seconds': 0.010627460200339556}",english_50_words,"Create a clean portrait white document poster that typesets exactly this 50-word English text block. Use black sans-serif typography, clean margins, and simple line wrapping. Do not summarize, do not add decorative letters, and do not add any extra words. Exact English text block: ""clarity design research quality layout typography poster signal detail balance contrast margin section headline caption reader focus system image language model visual spacing grid rhythm shape meaning context structure workflow review sample output prompt style clean modern strong accurate stable clarity design research quality layout typography poster signal detail balance""",,,exp_06_long_text_stress,English 50 words,english,50,clarity design research quality layout typography poster signal detail balance contrast margin section headline caption reader focus system image language model visual spacing grid rhythm shape meaning context structure workflow review sample output prompt style clean modern strong accurate stable clarity design research quality layout typography poster signal detail balance,1024,1536,40,4.0,1024,27.13598436815664,/mnt/local-fast/aalhejab/Qwen-Image-Edit-2511-production/outputs/qwen_text_failure_next_experiments/exp_06_long_text_stress/english_50_words.jpg,"Create a clean portrait white document poster that typesets exactly this 50-word English text block. Use black sans-serif typography, clean margins, and simple line wrapping. Do not summarize, do not add decorative letters, and do not add any extra words. Exact English text block: ""clarity design research quality layout typography poster signal detail balance contrast margin section headline caption reader focus system image language model visual spacing grid rhythm shape meaning context structure workflow review sample output prompt style clean modern strong accurate stable clarity design research quality layout typography poster signal detail balance""",True
98050,27.5628197430633,"{'total_seconds': 27.574301133863628, 'non_inference_seconds': 0.011481390800327063, 'get_pipe_seconds': 5.19677996635437e-07, 'lock_wait_seconds': 0.0, 'queue_seconds': 3.0040740966796875e-05, 'prompt_enhance_seconds': 0.0, 'decode_seconds': 0.0, 'preprocess_seconds': 0.0, 'inference_seconds': 27.5628197430633, 'postprocess_seconds': 0.0004057362675666809, 'encode_seconds': 0.011057285126298666}",arabic_50_words,"Create a clean portrait white document poster that typesets exactly this 50-word Arabic text block. Use black Arabic sans-serif typography, correct right-to-left shaping, clean margins, and simple line wrapping. Do not translate, do not summarize, do not add decorative letters, and do not add any extra words. Exact Arabic text block: ""تصميم واضح بحث جودة تخطيط طباعة ملصق إشارة تفاصيل توازن تباين هامش قسم عنوان شرح قارئ تركيز نظام صورة لغة نموذج بصري مسافة شبكة إيقاع شكل معنى سياق بنية مسار مراجعة عينة نتيجة موجه أسلوب نظيف حديث قوي دقيق ثابت تصميم واضح بحث جودة تخطيط طباعة ملصق إشارة تفاصيل توازن""",,,exp_06_long_text_stress,Arabic 50 words,arabic,50,تصميم واضح بحث جودة تخطيط طباعة ملصق إشارة تفاصيل توازن تباين هامش قسم عنوان شرح قارئ تركيز نظام صورة لغة نموذج بصري مسافة شبكة إيقاع شكل معنى سياق بنية مسار مراجعة عينة نتيجة موجه أسلوب نظيف حديث قوي دقيق ثابت تصميم واضح بحث جودة تخطيط طباعة ملصق إشارة تفاصيل توازن,1024,1536,40,4.0,1024,27.57893062522635,/mnt/local-fast/aalhejab/Qwen-Image-Edit-2511-production/outputs/qwen_text_failure_next_experiments/exp_06_long_text_stress/arabic_50_words.jpg,"Create a clean portrait white document poster that typesets exactly this 50-word Arabic text block. Use black Arabic sans-serif typography, correct right-to-left shaping, clean margins, and simple line wrapping. Do not translate, do not summarize, do not add decorative letters, and do not add any extra words. Exact Arabic text block: ""تصميم واضح بحث جودة تخطيط طباعة ملصق إشارة تفاصيل توازن تباين هامش قسم عنوان شرح قارئ تركيز نظام صورة لغة نموذج بصري مسافة شبكة إيقاع شكل معنى سياق بنية مسار مراجعة عينة نتيجة موجه أسلوب نظيف حديث قوي دقيق ثابت تصميم واضح بحث جودة تخطيط طباعة ملصق إشارة تفاصيل توازن""",True
99050,27.584654051810503,"{'total_seconds': 27.599250964820385, 'non_inference_seconds': 0.014596913009881973, 'get_pipe_seconds': 9.597279131412506e-07, 'lock_wait_seconds': 0.0, 'queue_seconds': 4.38690185546875e-05, 'prompt_enhance_seconds': 0.0, 'decode_seconds': 0.0, 'preprocess_seconds': 0.0, 'inference_seconds': 27.584654051810503, 'postprocess_seconds': 0.00036314409226179123, 'encode_seconds': 0.01421165931969881}",chinese_50_words,"Create a clean portrait white document poster that typesets exactly this 50-word Chinese text block. Use black Chinese sans-serif typography, clean margins, and simple line wrapping. Do not translate, do not summarize, do not add decorative letters, and do not add any extra words. Exact Chinese text block: ""清晰 设计 研究 质量 版式 字体 海报 信号 细节 平衡 对比 边距 章节 标题 说明 读者 焦点 系统 图像 语言 模型 视觉 间距 网格 节奏 形状 意义 语境 结构 流程 复核 样本 结果 提示 风格 干净 现代 强度 准确 稳定 清晰 设计 研究 质量 版式 字体 海报 信号 细节 平衡""",,,exp_06_long_text_stress,Chinese 50 words,chinese,50,清晰 设计 研究 质量 版式 字体 海报 信号 细节 平衡 对比 边距 章节 标题 说明 读者 焦点 系统 图像 语言 模型 视觉 间距 网格 节奏 形状 意义 语境 结构 流程 复核 样本 结果 提示 风格 干净 现代 强度 准确 稳定 清晰 设计 研究 质量 版式 字体 海报 信号 细节 平衡,1024,1536,40,4.0,1024,27.607017806265503,/mnt/local-fast/aalhejab/Qwen-Image-Edit-2511-production/outputs/qwen_text_failure_next_experiments/exp_06_long_text_stress/chinese_50_words.jpg,"Create a clean portrait white document poster that typesets exactly this 50-word Chinese text block. Use black Chinese sans-serif typography, clean margins, and simple line wrapping. Do not translate, do not summarize, do not add decorative letters, and do not add any extra words. Exact Chinese text block: ""清晰 设计 研究 质量 版式 字体 海报 信号 细节 平衡 对比 边距 章节 标题 说明 读者 焦点 系统 图像 语言 模型 视觉 间距 网格 节奏 形状 意义 语境 结构 流程 复核 样本 结果 提示 风格 干净 现代 强度 准确 稳定 清晰 设计 研究 质量 版式 字体 海报 信号 细节 平衡""",True
